Race Name,Race Time,Race Distance,Tips,Tipster,Runner Name,Rider Name,Trainer Name,Rating,Last Three Starts,Form,Weight,Prize Money,Sire,Dam,Total,Win Percent,Place Percent,Result,This Track,This Season,Track,Distance,Track and Distance,Class,First Up,Second Up,Jockey,Firm,Good,Soft,Heavy
PRIX GAZALA,14:42:00Z,2400,4-10-7,ZE TURF,PERFECT RUN,H BESNIER,D .BRESSOU,77,80,,58.0,$0,Djidani,No More Tears,2: 0 - 0,0,0,1: 0 - 0,,0:0-0-0,0: 0 - 0,1: 0 - 0,0: 0 - 0,0: 0 - 0,0: 0 - 0,0: 0 - 0,0: 0 - 0,0: 0 - 0,0: 0 - 0,0: 0 - 0,0: 0 - 0
PRIX GAZALA,14:42:00Z,2400,4-10-7,ZE TURF,KARLARINA,A BADEL,S .NIGGE,87,277,,58.0,$15732,Le Havre,Karsabruni,4: 0 - 2,0,50,,,0:0-0-0,0: 0 - 0,0: 0 - 0,0: 0 - 0,0: 0 - 0,0: 0 - 0,0: 0 - 0,0: 0 - 0,0: 0 - 0,0: 0 - 0,0: 0 - 0,0: 0 - 0
PRIX GAZALA,14:42:00Z,2400,4-10-7,ZE TURF,AVIATRICE,T BACHELOT,S. WATTEL,99,5,,58.0,$957,Muhtathir,Landing Site,1: 0 - 0,0,0,1: 0 - 0,,0:0-0-0,0: 0 - 0,1: 0 - 0,0: 0 - 0,0: 0 - 0,0: 0 - 0,0: 0 - 0,0: 0 - 0,0: 0 - 0,0: 0 - 0,0: 0 - 0,0: 0 - 0
PRIX GAZALA,14:42:00Z,2400,4-10-7,ZE TURF,GLADYS SENORA,C GUITRAUD,Y. BARBEROT,100,54,,58.0,$5244,Anodin,Nina Senora,2: 0 - 0,0,0,1: 0 - 0,,0:0-0-0,0: 0 - 0,1: 0 - 0,0: 0 - 0,0: 0 - 0,0: 0 - 0,0: 0 - 0,0: 0 - 0,0: 0 - 0,0: 0 - 0,0: 0 - 0,0: 0 - 0
PRIX GAZALA,14:42:00Z,2400,4-10-7,ZE TURF,LADY MAG,V CHEMINAUD,H. DE NICOLAY,84,803,,58.0,$6243,Zoffany,Seal Bay,4: 0 - 1,0,25,1: 0 - 1,,0:0-0-0,0: 0 - 0,1: 0 - 1,0: 0 - 0,0: 0 - 0,0: 0 - 0,0: 0 - 0,0: 0 - 0,0: 0 - 0,0: 0 - 0,0: 0 - 0,0: 0 - 0
PRIX GAZALA,14:42:00Z,2400,4-10-7,ZE TURF,LOUVE DES NAD,M Q PERRETTE,MLLE A.WATTEL,70,0,,58.0,$0,Silver Frost,Loup The Loup,1: 0 - 0,0,0,,,0:0-0-0,0: 0 - 0,0: 0 - 0,0: 0 - 0,0: 0 - 0,0: 0 - 0,0: 0 - 0,0: 0 - 0,0: 0 - 0,0: 0 - 0,0: 0 - 0,0: 0 - 0
PRIX GAZALA,14:42:00Z,2400,4-10-7,ZE TURF,CABIYA,C SOUMILLON,M. DELZANGLES,0,,,56.0,$0,Lawman,Caminiya,0: 0 - 0,0,0,,,0:0-0-0,0: 0 - 0,0: 0 - 0,0: 0 - 0,0: 0 - 0,0: 0 - 0,0: 0 - 0,0: 0 - 0,0: 0 - 0,0: 0 - 0,0: 0 - 0,0: 0 - 0
PRIX GAZALA,14:42:00Z,2400,4-10-7,ZE TURF,TAKAWOOD,L GROSSO,J.V. TOUX,0,,,56.0,$0,Ivawood,Takaliyda,0: 0 - 0,0,0,,,0:0-0-0,0: 0 - 0,0: 0 - 0,0: 0 - 0,0: 0 - 0,0: 0 - 0,0: 0 - 0,0: 0 - 0,0: 0 - 0,0: 0 - 0,0: 0 - 0,0: 0 - 0
PRIX GAZALA,14:42:00Z,2400,4-10-7,ZE TURF,ASSIGNED,S PASQUIER,N. CLEMENT,0,,,56.0,$0,Camelot,Entrust,0: 0 - 0,0,0,,,0:0-0-0,0: 0 - 0,0: 0 - 0,0: 0 - 0,0: 0 - 0,0: 0 - 0,0: 0 - 0,0: 0 - 0,0: 0 - 0,0: 0 - 0,0: 0 - 0,0: 0 - 0
PRIX GAZALA,14:42:00Z,2400,4-10-7,ZE TURF,RAISE YOU FIRST,P C BOUDOT,Y. BARBEROT,0,,,56.0,$0,Maxios,Royal Chapadinha,0: 0 - 0,0,0,,,0:0-0-0,0: 0 - 0,0: 0 - 0,0: 0 - 0,0: 0 - 0,0: 0 - 0,0: 0 - 0,0: 0 - 0,0: 0 - 0,0: 0 - 0,0: 0 - 0,0: 0 - 0
PRIX YOUTH,15:17:00Z,2400,2-1-3,ZE TURF,DARKOT,C SOUMILLON,M. DELZANGLES,100,5,,58.0,$2247,Wootton Bassett,Darkazinia,1: 0 - 0,0,0,,,0:0-0-0,0: 0 - 0,0: 0 - 0,0: 0 - 0,0: 0 - 0,0: 0 - 0,0: 0 - 0,0: 0 - 0,0: 0 - 0,0: 0 - 0,0: 0 - 0,0: 0 - 0
PRIX YOUTH,15:17:00Z,2400,2-1-3,ZE TURF,REVENTADOR,P C BOUDOT,C. LAFFON-PARIAS,95,43,,58.0,$8990,Zoffany,Frine,2: 0 - 1,0,50,,,0:0-0-0,0: 0 - 0,0: 0 - 0,0: 0 - 0,0: 0 - 0,0: 0 - 0,0: 0 - 0,0: 0 - 0,0: 0 - 0,0: 0 - 0,0: 0 - 0,0: 0 - 0
PRIX YOUTH,15:17:00Z,2400,2-1-3,ZE TURF,DUBROVSKHY,A BADEL,MME P. BRANDT,80,0,,58.0,$0,Intello,Lunashkaya,1: 0 - 0,0,0,,,0:0-0-0,0: 0 - 0,0: 0 - 0,0: 0 - 0,0: 0 - 0,0: 0 - 0,0: 0 - 0,0: 0 - 0,0: 0 - 0,0: 0 - 0,0: 0 - 0,0: 0 - 0
PRIX YOUTH,15:17:00Z,2400,2-1-3,ZE TURF,GIORDANO BRUNO,G SANCHEZ,A. MARCIALIS,76,80,,58.0,$0,Makfi,Lady Silvy,2: 0 - 0,0,0,,,0:0-0-0,0: 0 - 0,0: 0 - 0,0: 0 - 0,0: 0 - 0,0: 0 - 0,0: 0 - 0,0: 0 - 0,0: 0 - 0,0: 0 - 0,0: 0 - 0,0: 0 - 0
PRIX YOUTH,15:17:00Z,2400,2-1-3,ZE TURF,OTTAVIO,J GUILLOCHON,H.A. PANTALL,87,878,,58.0,$5993,Nathaniel,Our Queen Of Kings,4: 0 - 1,0,25,,,0:0-0-0,0: 0 - 0,0: 0 - 0,0: 0 - 0,0: 0 - 0,0: 0 - 0,0: 0 - 0,0: 0 - 0,0: 0 - 0,0: 0 - 0,0: 0 - 0,0: 0 - 0
PRIX YOUTH,15:17:00Z,2400,2-1-3,ZE TURF,TUMULTE,H BESNIER,A. FABRE,85,0,,58.0,$0,Intello,Houleuse,1: 0 - 0,0,0,,,0:0-0-0,0: 0 - 0,0: 0 - 0,0: 0 - 0,0: 0 - 0,0: 0 - 0,0: 0 - 0,0: 0 - 0,0: 0 - 0,0: 0 - 0,0: 0 - 0,0: 0 - 0
PRIX DE SAINT-GERMAIN DE LA GRANGE,15:52:00Z,2400,1-3-9-7,ZE TURF,DELSHEER,J MONTEIRO,A.N. HOLLINSHEAD,92,137,,62.0,$57091,Iffraaj,Rose Et Noire,22: 2 - 7,9,41,12: 0 - 4,1: 0 - 0,0:0-0-0,1: 0 - 0,12: 0 - 4,0: 0 - 0,0: 0 - 0,0: 0 - 0,0: 0 - 0,0: 0 - 0,0: 0 - 0,0: 0 - 0,0: 0 - 0,0: 0 - 0
PRIX DE SAINT-GERMAIN DE LA GRANGE,15:52:00Z,2400,1-3-9-7,ZE TURF,SPEED'S ADDICT,A BADEL,S. CERULIS,75,353,W,61.0,$19095,Peer Gynt,Relicia Bere,7: 0 - 3,0,43,3: 0 - 1,,0:0-0-0,0: 0 - 0,3: 0 - 1,0: 0 - 0,0: 0 - 0,0: 0 - 0,0: 0 - 0,0: 0 - 0,0: 0 - 0,0: 0 - 0,0: 0 - 0,0: 0 - 0
PRIX DE SAINT-GERMAIN DE LA GRANGE,15:52:00Z,2400,1-3-9-7,ZE TURF,DANDY PLACE,D SANTIAGO,Y .BONNEFOY,100,112,DW,59.5,$179876,Dandy Man,Etta Place,47: 10 - 8,21,38,13: 3 - 3,,0:0-0-0,0: 0 - 0,13: 3 - 3,0: 0 - 0,0: 0 - 0,0: 0 - 0,0: 0 - 0,0: 0 - 0,0: 0 - 0,0: 0 - 0,0: 0 - 0,0: 0 - 0
PRIX DE SAINT-GERMAIN DE LA GRANGE,15:52:00Z,2400,1-3-9-7,ZE TURF,SAAM,J AUGER,P&JL.BUTEL   BEAUNEZ (S),86,497,W,59.0,$36009,Kendargent,Super Hantem,14: 1 - 5,7,43,1: 0 - 0,,0:0-0-0,0: 0 - 0,1: 0 - 0,0: 0 - 0,0: 0 - 0,0: 0 - 0,0: 0 - 0,0: 0 - 0,0: 0 - 0,0: 0 - 0,0: 0 - 0,0: 0 - 0
PRIX DE SAINT-GERMAIN DE LA GRANGE,15:52:00Z,2400,1-3-9-7,ZE TURF,DUBAI EMPIRE,C PACAUT,MME G. RARICK,73,740,W,58.5,$70577,Motivator,Cable Beach,29: 1 - 4,3,17,14: 0 - 4,,0:0-0-0,0: 0 - 0,14: 0 - 4,0: 0 - 0,0: 0 - 0,0: 0 - 0,0: 0 - 0,0: 0 - 0,0: 0 - 0,0: 0 - 0,0: 0 - 0,0: 0 - 0
PRIX DE SAINT-GERMAIN DE LA GRANGE,15:52:00Z,2400,1-3-9-7,ZE TURF,FOLLEVILLE,T BACHELOT,S. WATTEL,97,803,DW,58.5,$88384,Air Chief Marshal,La Folie,23: 2 - 5,9,30,13: 1 - 3,1: 0 - 0,0:0-0-0,1: 0 - 0,13: 1 - 3,1: 0 - 0,0: 0 - 0,0: 0 - 0,0: 0 - 0,0: 0 - 0,0: 0 - 0,0: 0 - 0,0: 0 - 0,0: 0 - 0
PRIX DE SAINT-GERMAIN DE LA GRANGE,15:52:00Z,2400,1-3-9-7,ZE TURF,ELVIS,V CHEMINAUD,MLLE S.PENOT,88,162,W,58.0,$143189,Della Francesca,Fitness Queen,32: 4 - 8,12,38,1: 0 - 1,,0:0-0-0,0: 0 - 0,1: 0 - 1,0: 0 - 0,0: 0 - 0,0: 0 - 0,0: 0 - 0,0: 0 - 0,0: 0 - 0,0: 0 - 0,0: 0 - 0,0: 0 - 0
PRIX DE SAINT-GERMAIN DE LA GRANGE,15:52:00Z,2400,1-3-9-7,ZE TURF,SCATTER,S CHUETTE,M. DELZANGLES,81,100,DW,57.0,$23973,Scat Daddy,Miss Plimsoll,7: 1 - 2,14,43,5: 1 - 1,,0:0-0-0,0: 0 - 0,5: 1 - 1,0: 0 - 0,0: 0 - 0,0: 0 - 0,0: 0 - 0,0: 0 - 0,0: 0 - 0,0: 0 - 0,0: 0 - 0,0: 0 - 0
PRIX DE SAINT-GERMAIN DE LA GRANGE,15:52:00Z,2400,1-3-9-7,ZE TURF,SISSI DOLOISE,S PASQUIER,A. BONIN,95,362,W,56.0,$110767,Motivator,Sirene Doloise,38: 2 - 12,5,37,11: 0 - 7,,0:0-0-0,0: 0 - 0,11: 0 - 7,0: 0 - 0,0: 0 - 0,0: 0 - 0,0: 0 - 0,0: 0 - 0,0: 0 - 0,0: 0 - 0,0: 0 - 0,0: 0 - 0
PRIX DE SAINT-GERMAIN DE LA GRANGE,15:52:00Z,2400,1-3-9-7,ZE TURF,RAJSAPOUR,E HARDOUIN,D. PROD'HOMME,71,058,W,55.5,$49511,Rajsaman,Speranza,26: 0 - 5,0,19,13: 0 - 2,,0:0-0-0,0: 0 - 0,13: 0 - 2,0: 0 - 0,0: 0 - 0,0: 0 - 0,0: 0 - 0,0: 0 - 0,0: 0 - 0,0: 0 - 0,0: 0 - 0,0: 0 - 0
PRIX DE SAINT-GERMAIN DE LA GRANGE,15:52:00Z,2400,1-3-9-7,ZE TURF,DIRTY DOZEN,R MANGIONE,MME D.SCHOENHERR,66,770,,55.0,$41277,Rajsaman,Inca Lily,17: 0 - 5,0,29,5: 0 - 1,,0:0-0-0,0: 0 - 0,5: 0 - 1,0: 0 - 0,0: 0 - 0,0: 0 - 0,0: 0 - 0,0: 0 - 0,0: 0 - 0,0: 0 - 0,0: 0 - 0,0: 0 - 0
PRIX DE SAINT-GERMAIN DE LA GRANGE,15:52:00Z,2400,1-3-9-7,ZE TURF,BAY OF GIBRALTAR,C GUITRAUD,Y. BARBEROT,78,730,DW,55.0,$98023,Rock Of Gibraltar,Dynalosca,25: 3 - 9,12,48,10: 1 - 5,,0:0-0-0,0: 0 - 0,10: 1 - 5,0: 0 - 0,0: 0 - 0,0: 0 - 0,0: 0 - 0,0: 0 - 0,0: 0 - 0,0: 0 - 0,0: 0 - 0,0: 0 - 0
PRIX DE SAINT-GERMAIN DE LA GRANGE,15:52:00Z,2400,1-3-9-7,ZE TURF,PICCOLO RISTRETTO,M ANDROUIN,MME L. CARBERRY,62,248,,55.0,$12569,Vision D'Etat,Infusion,10: 0 - 3,0,30,4: 0 - 1,,0:0-0-0,0: 0 - 0,4: 0 - 1,0: 0 - 0,0: 0 - 0,0: 0 - 0,0: 0 - 0,0: 0 - 0,0: 0 - 0,0: 0 - 0,0: 0 - 0,0: 0 - 0
PRIX DE SAINT-GERMAIN DE LA GRANGE,15:52:00Z,2400,1-3-9-7,ZE TURF,NOSTALBOWL,H JOURNIAC,D. PROD'HOMME,71,340,DW,54.0,$180263,Turtle Bowl,Nostaltir,59: 5 - 11,8,27,19: 1 - 6,,0:0-0-0,0: 0 - 0,19: 1 - 6,0: 0 - 0,0: 0 - 0,0: 0 - 0,0: 0 - 0,0: 0 - 0,0: 0 - 0,0: 0 - 0,0: 0 - 0,0: 0 - 0
PRIX VERMONT PRIX PARIS-TURF.COM HURDLE,14:25:00Z,3600,6-9-5-2,ZE TURF,GAELIK FIRST,N GAUFFENIC,D. WINDRIF,90,1A8,DW,71.0,$86328,Blue Bresil,Gaelika,21: 1 - 6,5,33,16: 1 - 6,2: 0 - 0,0:0-0-0,2: 0 - 0,16: 1 - 6,2: 0 - 0,0: 0 - 0,0: 0 - 0,0: 0 - 0,0: 0 - 0,0: 0 - 0,0: 0 - 0,0: 0 - 0,0: 0 - 0
PRIX VERMONT PRIX PARIS-TURF.COM HURDLE,14:25:00Z,3600,6-9-5-2,ZE TURF,MONDURA,J DA SILVA,Y. FOUIN,94,23T,W,71.0,$22142,Manduro,Morning Glory,15: 2 - 3,13,33,3: 0 - 1,1: 0 - 0,0:0-0-0,1: 0 - 0,3: 0 - 1,0: 0 - 0,0: 0 - 0,0: 0 - 0,0: 0 - 0,0: 0 - 0,0: 0 - 0,0: 0 - 0,0: 0 - 0,0: 0 - 0
PRIX VERMONT PRIX PARIS-TURF.COM HURDLE,14:25:00Z,3600,6-9-5-2,ZE TURF,LILIE,G RE,Y. FOUIN,84,A26,DW,70.5,$13593,Martaline,Lady An Co,18: 2 - 5,11,39,16: 2 - 5,,0:0-0-0,0: 0 - 0,16: 2 - 5,0: 0 - 0,0: 0 - 0,0: 0 - 0,0: 0 - 0,0: 0 - 0,0: 0 - 0,0: 0 - 0,0: 0 - 0,0: 0 - 0
PRIX VERMONT PRIX PARIS-TURF.COM HURDLE,14:25:00Z,3600,6-9-5-2,ZE TURF,BELLE NANTAISE,T BEAURAIN,FERTILLET (S),71,5TA,,70.5,$27469,Ballingarry,Nana Nantaise,9: 0 - 3,0,33,6: 0 - 3,,0:0-0-0,0: 0 - 0,6: 0 - 3,0: 0 - 0,0: 0 - 0,0: 0 - 0,0: 0 - 0,0: 0 - 0,0: 0 - 0,0: 0 - 0,0: 0 - 0,0: 0 - 0
PRIX VERMONT PRIX PARIS-TURF.COM HURDLE,14:25:00Z,3600,6-9-5-2,ZE TURF,PRINCESSE D'ANGERS,M A ORAIN,O. SAUVAGET,82,A10,D,70.5,$24206,Khalkevi,Perceverense,6: 1 - 0,17,17,6: 1 - 0,3: 0 - 0,0:0-0-0,3: 0 - 0,6: 1 - 0,3: 0 - 0,0: 0 - 0,0: 0 - 0,0: 0 - 0,0: 0 - 0,0: 0 - 0,0: 0 - 0,0: 0 - 0,0: 0 - 0
PRIX VERMONT PRIX PARIS-TURF.COM HURDLE,14:25:00Z,3600,6-9-5-2,ZE TURF,CABO REAL,J REVELEY,A.BOISBRUNET (S),96,315,DW,70.5,$18895,Camelot,California,10: 1 - 3,10,40,3: 1 - 1,,0:0-0-0,0: 0 - 0,3: 1 - 1,0: 0 - 0,0: 0 - 0,0: 0 - 0,0: 0 - 0,0: 0 - 0,0: 0 - 0,0: 0 - 0,0: 0 - 0,0: 0 - 0
PRIX VERMONT PRIX PARIS-TURF.COM HURDLE,14:25:00Z,3600,6-9-5-2,ZE TURF,FIN DE L'HISTOIRE,F DE GILES,F.M. COTTIN,89,AA6,W,70.5,$17605,Coastal Path,Poupee Rouge,6: 0 - 1,0,17,6: 0 - 1,,0:0-0-0,0: 0 - 0,6: 0 - 1,0: 0 - 0,0: 0 - 0,0: 0 - 0,0: 0 - 0,0: 0 - 0,0: 0 - 0,0: 0 - 0,0: 0 - 0,0: 0 - 0
PRIX VERMONT PRIX PARIS-TURF.COM HURDLE,14:25:00Z,3600,6-9-5-2,ZE TURF,GAZELLE DU BERLAIS,ROB COLLET,ROB. COLLET,77,277,,70.5,$14151,Martaline,Cheetah Du Berlais,5: 0 - 1,0,20,4: 0 - 1,,0:0-0-0,0: 0 - 0,4: 0 - 1,0: 0 - 0,0: 0 - 0,0: 0 - 0,0: 0 - 0,0: 0 - 0,0: 0 - 0,0: 0 - 0,0: 0 - 0,0: 0 - 0
PRIX VERMONT PRIX PARIS-TURF.COM HURDLE,14:25:00Z,3600,6-9-5-2,ZE TURF,PERLE DE VEGUY,M J PRITCHARD WEBB,B. LEFEVRE,87,6A3,D,69.5,$25721,Full Of Gold,Alovera,5: 1 - 1,20,40,5: 1 - 1,,0:0-0-0,0: 0 - 0,5: 1 - 1,0: 0 - 0,0: 0 - 0,0: 0 - 0,0: 0 - 0,0: 0 - 0,0: 0 - 0,0: 0 - 0,0: 0 - 0,0: 0 - 0
PRIX VERMONT PRIX PARIS-TURF.COM HURDLE,14:25:00Z,3600,6-9-5-2,ZE TURF,GUMP MADRIK,R SCHMIDLIN,F.M. COTTIN,66,69A,,69.5,$0,Sommerabend,Sunday Madrik,3: 0 - 0,0,0,3: 0 - 0,,0:0-0-0,0: 0 - 0,3: 0 - 0,0: 0 - 0,0: 0 - 0,0: 0 - 0,0: 0 - 0,0: 0 - 0,0: 0 - 0,0: 0 - 0,0: 0 - 0,0: 0 - 0
PRIX VERMONT PRIX PARIS-TURF.COM HURDLE,14:25:00Z,3600,6-9-5-2,ZE TURF,FLECHE ROUGE,D UBEDA,D .BRESSOU,98,276,W,68.5,$23973,Crillon,Fidelety,4: 0 - 1,0,25,3: 0 - 1,1: 0 - 0,0:0-0-0,1: 0 - 0,3: 0 - 1,0: 0 - 0,0: 0 - 0,0: 0 - 0,0: 0 - 0,0: 0 - 0,0: 0 - 0,0: 0 - 0,0: 0 - 0,0: 0 - 0
PRIX VERMONT PRIX PARIS-TURF.COM HURDLE,14:25:00Z,3600,6-9-5-2,ZE TURF,COUP DE MAITRE,C SMEULDERS,M .PITART,78,318,DW,67.5,$34802,Masterstroke,Trofee Dore,20: 1 - 4,5,25,19: 1 - 4,2: 0 - 0,0:0-0-0,2: 0 - 0,19: 1 - 4,1: 0 - 0,0: 0 - 0,0: 0 - 0,0: 0 - 0,0: 0 - 0,0: 0 - 0,0: 0 - 0,0: 0 - 0,0: 0 - 0
PRIX VERMONT PRIX PARIS-TURF.COM HURDLE,14:25:00Z,3600,6-9-5-2,ZE TURF,HELL DREAM,M DAUBRY-BARBIER,MLLE S.DELAROCHE,69,8A0,,67.5,$22475,Dream Well,Queen Margot,10: 0 - 1,0,10,8: 0 - 1,,0:0-0-0,0: 0 - 0,8: 0 - 1,0: 0 - 0,0: 0 - 0,0: 0 - 0,0: 0 - 0,0: 0 - 0,0: 0 - 0,0: 0 - 0,0: 0 - 0,0: 0 - 0
PRIX VERMONT PRIX PARIS-TURF.COM HURDLE,14:25:00Z,3600,6-9-5-2,ZE TURF,CHOVAVA,D MESCAM,F.M. COTTIN,64,AAT,,67.5,$11687,Rail Link,Palapa,11: 0 - 0,0,0,10: 0 - 0,2: 0 - 0,0:0-0-0,2: 0 - 0,10: 0 - 0,1: 0 - 0,0: 0 - 0,0: 0 - 0,0: 0 - 0,0: 0 - 0,0: 0 - 0,0: 0 - 0,0: 0 - 0,0: 0 - 0
PRIX VERMONT PRIX PARIS-TURF.COM HURDLE,14:25:00Z,3600,6-9-5-2,ZE TURF,SASSARI,N HOWIE,F.M. COTTIN,75,AAA,DW,66.5,$77022,Sinndar,Rouvraie,22: 2 - 5,9,32,21: 2 - 4,2: 0 - 1,0:0-0-0,2: 0 - 1,21: 2 - 4,2: 0 - 1,0: 0 - 0,0: 0 - 0,0: 0 - 0,0: 0 - 0,0: 0 - 0,0: 0 - 0,0: 0 - 0,0: 0 - 0
PRIX VERMONT PRIX PARIS-TURF.COM HURDLE,14:25:00Z,3600,6-9-5-2,ZE TURF,FLEUR DE L'AIR,M C LEFEBVRE,E. LEENDERS,100,544,W,66.5,$12652,Buck's Boum,Fille De L'Air,14: 2 - 4,14,43,4: 0 - 1,,0:0-0-0,0: 0 - 0,4: 0 - 1,0: 0 - 0,0: 0 - 0,0: 0 - 0,0: 0 - 0,0: 0 - 0,0: 0 - 0,0: 0 - 0,0: 0 - 0,0: 0 - 0
PRIX POT D'OR - PARIS-TURF LIVE CHASE,15:00:00Z,3900,13-15-3,ZE TURF,BOUNWELL,R SCHMIDLIN,F.M. COTTIN,91,340,TDW,72.0,$159046,Irish Wells,Hopamare,26: 8 - 2,31,38,14: 4 - 2,3: 1 - 0,0:0-0-0,3: 1 - 0,14: 4 - 2,2: 0 - 0,0: 0 - 0,0: 0 - 0,0: 0 - 0,0: 0 - 0,0: 0 - 0,0: 0 - 0,0: 0 - 0,0: 0 - 0
PRIX POT D'OR - PARIS-TURF LIVE CHASE,15:00:00Z,3900,13-15-3,ZE TURF,EDALKA DE KERSER,L P BRECHET,PAT. QUINTON,93,963,D,71.0,$127098,Voix Du Nord,Quadalka De Kerser,17: 5 - 4,29,53,9: 2 - 3,2: 0 - 0,0:0-0-0,2: 0 - 0,9: 2 - 3,0: 0 - 0,0: 0 - 0,0: 0 - 0,0: 0 - 0,0: 0 - 0,0: 0 - 0,0: 0 - 0,0: 0 - 0,0: 0 - 0
PRIX POT D'OR - PARIS-TURF LIVE CHASE,15:00:00Z,3900,13-15-3,ZE TURF,PRINCE DE BELLOUET,M J PRITCHARD WEBB,B. LEFEVRE,100,T11,DW,71.0,$132309,Balko,Sainte De Bellouet,29: 7 - 5,24,41,15: 3 - 4,,0:0-0-0,0: 0 - 0,15: 3 - 4,0: 0 - 0,0: 0 - 0,0: 0 - 0,0: 0 - 0,0: 0 - 0,0: 0 - 0,0: 0 - 0,0: 0 - 0,0: 0 - 0
PRIX POT D'OR - PARIS-TURF LIVE CHASE,15:00:00Z,3900,13-15-3,ZE TURF,EVERY WHERE,M DAUBRY-BARBIER,MME I. PACAULT,97,412,DW,70.0,$62371,Al Namix,Ubiquite,23: 5 - 5,22,43,9: 1 - 3,,0:0-0-0,0: 0 - 0,9: 1 - 3,0: 0 - 0,0: 0 - 0,0: 0 - 0,0: 0 - 0,0: 0 - 0,0: 0 - 0,0: 0 - 0,0: 0 - 0,0: 0 - 0
PRIX POT D'OR - PARIS-TURF LIVE CHASE,15:00:00Z,3900,13-15-3,ZE TURF,CAMPERO,R L O'BRIEN,F .NICOLLE,86,A68,TDW,70.0,$214100,Fragrant Mix,Quenza,18: 2 - 7,11,50,7: 1 - 1,3: 1 - 0,0:0-0-0,3: 1 - 0,7: 1 - 1,2: 1 - 0,0: 0 - 0,0: 0 - 0,0: 0 - 0,0: 0 - 0,0: 0 - 0,0: 0 - 0,0: 0 - 0,0: 0 - 0
PRIX POT D'OR - PARIS-TURF LIVE CHASE,15:00:00Z,3900,13-15-3,ZE TURF,SAINT ANJOU,C LEQUIEN,LAUR. VIEL,70,910,TDW,69.0,$210396,Saint Des Saints,Line Garry,36: 6 - 10,17,44,28: 6 - 9,2: 1 - 0,0:0-0-0,2: 1 - 0,28: 6 - 9,2: 1 - 0,0: 0 - 0,0: 0 - 0,0: 0 - 0,0: 0 - 0,0: 0 - 0,0: 0 - 0,0: 0 - 0,0: 0 - 0
PRIX POT D'OR - PARIS-TURF LIVE CHASE,15:00:00Z,3900,13-15-3,ZE TURF,VIC ROYAL,A MERIENNE,J. MERIENNE,71,009,DW,68.0,$399317,Malinas,Faste Royale,74: 8 - 19,11,36,46: 4 - 13,6: 0 - 0,0:0-0-0,6: 0 - 0,46: 4 - 13,5: 0 - 0,0: 0 - 0,0: 0 - 0,0: 0 - 0,0: 0 - 0,0: 0 - 0,0: 0 - 0,0: 0 - 0,0: 0 - 0
PRIX POT D'OR - PARIS-TURF LIVE CHASE,15:00:00Z,3900,13-15-3,ZE TURF,BACARA DES BOIS,R BONNET,MME S. JAFFRELOT,61,117,DW,68.0,$45857,Ballingarry,Equatoriale,25: 2 - 5,8,28,22: 2 - 5,,0:0-0-0,0: 0 - 0,22: 2 - 5,0: 0 - 0,0: 0 - 0,0: 0 - 0,0: 0 - 0,0: 0 - 0,0: 0 - 0,0: 0 - 0,0: 0 - 0,0: 0 - 0
PRIX POT D'OR - PARIS-TURF LIVE CHASE,15:00:00Z,3900,13-15-3,ZE TURF,DERBY DES PICTONS,M A ORAIN,O. SAUVAGET,63,820,DW,68.0,$101810,Khalkevi,Selaia,25: 4 - 6,16,40,16: 3 - 5,,0:0-0-0,0: 0 - 0,16: 3 - 5,0: 0 - 0,0: 0 - 0,0: 0 - 0,0: 0 - 0,0: 0 - 0,0: 0 - 0,0: 0 - 0,0: 0 - 0,0: 0 - 0
PRIX POT D'OR - PARIS-TURF LIVE CHASE,15:00:00Z,3900,13-15-3,ZE TURF,ELISA DES OBEAUX,O JOUIN,N. DEVILDER,75,355,TDW,67.0,$33038,Magadan,Shifra,21: 3 - 13,14,76,10: 1 - 6,1: 1 - 0,0:0-0-0,1: 1 - 0,10: 1 - 6,0: 0 - 0,0: 0 - 0,0: 0 - 0,0: 0 - 0,0: 0 - 0,0: 0 - 0,0: 0 - 0,0: 0 - 0,0: 0 - 0
PRIX POT D'OR - PARIS-TURF LIVE CHASE,15:00:00Z,3900,13-15-3,ZE TURF,FUNKY DU MESTIVEL,J DUCHENE,PAT. QUINTON,73,T63,DW,67.0,$35876,Archange D'Or,Royale Solitaire,10: 1 - 5,10,60,7: 1 - 3,,0:0-0-0,0: 0 - 0,7: 1 - 3,0: 0 - 0,0: 0 - 0,0: 0 - 0,0: 0 - 0,0: 0 - 0,0: 0 - 0,0: 0 - 0,0: 0 - 0,0: 0 - 0
PRIX POT D'OR - PARIS-TURF LIVE CHASE,15:00:00Z,3900,13-15-3,ZE TURF,FRET D'ESTRUVAL,K NABET,PAT. QUINTON,87,632,W,67.0,$34536,No Risk At All,Udine D'Estruval,10: 3 - 3,30,60,3: 0 - 2,,0:0-0-0,0: 0 - 0,3: 0 - 2,0: 0 - 0,0: 0 - 0,0: 0 - 0,0: 0 - 0,0: 0 - 0,0: 0 - 0,0: 0 - 0,0: 0 - 0,0: 0 - 0
PRIX POT D'OR - PARIS-TURF LIVE CHASE,15:00:00Z,3900,13-15-3,ZE TURF,ENOLA GAY,J REVELEY,Y. FOUIN,81,222,DW,66.5,$86364,Fuisse,Enolaland,21: 2 - 10,10,57,10: 1 - 4,2: 0 - 1,0:0-0-0,2: 0 - 1,10: 1 - 4,0: 0 - 0,0: 0 - 0,0: 0 - 0,0: 0 - 0,0: 0 - 0,0: 0 - 0,0: 0 - 0,0: 0 - 0,0: 0 - 0
PRIX POT D'OR - PARIS-TURF LIVE CHASE,15:00:00Z,3900,13-15-3,ZE TURF,GUYONNE,D MESCAM,F.M. COTTIN,64,13A,DW,66.0,$175386,Nombre Premier,Gymnote,39: 5 - 5,13,26,26: 4 - 3,2: 0 - 0,0:0-0-0,2: 0 - 0,26: 4 - 3,2: 0 - 0,0: 0 - 0,0: 0 - 0,0: 0 - 0,0: 0 - 0,0: 0 - 0,0: 0 - 0,0: 0 - 0,0: 0 - 0
PRIX POT D'OR - PARIS-TURF LIVE CHASE,15:00:00Z,3900,13-15-3,ZE TURF,DASHING FILLY,M FARCINADE,P. ADDA,78,541,DW,66.0,$105731,Martaline,Nymphe De Sivola,21: 2 - 8,10,48,17: 1 - 7,1: 0 - 1,0:0-0-0,1: 0 - 1,17: 1 - 7,1: 0 - 1,0: 0 - 0,0: 0 - 0,0: 0 - 0,0: 0 - 0,0: 0 - 0,0: 0 - 0,0: 0 - 0,0: 0 - 0
PRIX BUISSON D'OR STATO PARIS-TURF CHASE,15:35:00Z,3900,1-7-5-4,ZE TURF,VOIX DU SOIR,F DE GILES,M. SEROR,100,214,DW,72.0,$26220,Rip Van Winkle,Lumiere Du Soir,13: 1 - 3,8,31,7: 1 - 2,1: 0 - 0,0:0-0-0,1: 0 - 0,7: 1 - 2,0: 0 - 0,0: 0 - 0,0: 0 - 0,0: 0 - 0,0: 0 - 0,0: 0 - 0,0: 0 - 0,0: 0 - 0,0: 0 - 0
PRIX BUISSON D'OR STATO PARIS-TURF CHASE,15:35:00Z,3900,1-7-5-4,ZE TURF,DEBUT DE PRINTEMPS,M C LEFEBVRE,E. LEENDERS,92,33T,DW,72.0,$88309,Irish Wells,La Grande Touche,27: 3 - 6,11,33,13: 1 - 3,,0:0-0-0,0: 0 - 0,13: 1 - 3,0: 0 - 0,0: 0 - 0,0: 0 - 0,0: 0 - 0,0: 0 - 0,0: 0 - 0,0: 0 - 0,0: 0 - 0,0: 0 - 0
PRIX BUISSON D'OR STATO PARIS-TURF CHASE,15:35:00Z,3900,1-7-5-4,ZE TURF,FORZA DI GARRY,C LEQUIEN,LAUR. VIEL,96,173,DW,72.0,$30899,Ballingarry,Rafune De Ladalka,11: 2 - 4,18,55,3: 1 - 1,,0:0-0-0,0: 0 - 0,3: 1 - 1,0: 0 - 0,0: 0 - 0,0: 0 - 0,0: 0 - 0,0: 0 - 0,0: 0 - 0,0: 0 - 0,0: 0 - 0,0: 0 - 0
PRIX BUISSON D'OR STATO PARIS-TURF CHASE,15:35:00Z,3900,1-7-5-4,ZE TURF,FAIR PLAY SIVOLA,G SIAFFA,F .NICOLLE,93,4A1,DW,72.0,$45882,Noroit,Miss Justice,12: 1 - 6,8,58,4: 1 - 1,1: 0 - 1,0:0-0-0,1: 0 - 1,4: 1 - 1,0: 0 - 0,0: 0 - 0,0: 0 - 0,0: 0 - 0,0: 0 - 0,0: 0 - 0,0: 0 - 0,0: 0 - 0,0: 0 - 0
PRIX BUISSON D'OR STATO PARIS-TURF CHASE,15:35:00Z,3900,1-7-5-4,ZE TURF,GASTI GRETI,ROB COLLET,E. LEENDERS,77,9AA,DW,71.0,$187497,Great Pretender,Chrisleen,29: 2 - 9,7,38,20: 2 - 7,2: 0 - 1,0:0-0-0,2: 0 - 1,20: 2 - 7,2: 0 - 1,0: 0 - 0,0: 0 - 0,0: 0 - 0,0: 0 - 0,0: 0 - 0,0: 0 - 0,0: 0 - 0,0: 0 - 0
PRIX BUISSON D'OR STATO PARIS-TURF CHASE,15:35:00Z,3900,1-7-5-4,ZE TURF,ROSE DES BRIERES,V CHATELLIER,T. POCHE,82,142,D,71.0,$138893,Tomorrows Cat,Rosita Des Brieres,51: 4 - 18,8,43,29: 3 - 14,,0:0-0-0,0: 0 - 0,29: 3 - 14,0: 0 - 0,0: 0 - 0,0: 0 - 0,0: 0 - 0,0: 0 - 0,0: 0 - 0,0: 0 - 0,0: 0 - 0,0: 0 - 0
PRIX BUISSON D'OR STATO PARIS-TURF CHASE,15:35:00Z,3900,1-7-5-4,ZE TURF,CLASSIQUE,R SCHMIDLIN,F.M. COTTIN,85,0A5,DW,70.0,$147076,Voix Du Nord,Indecise,30: 3 - 2,10,17,19: 1 - 1,2: 0 - 1,0:0-0-0,2: 0 - 1,19: 1 - 1,2: 0 - 1,0: 0 - 0,0: 0 - 0,0: 0 - 0,0: 0 - 0,0: 0 - 0,0: 0 - 0,0: 0 - 0,0: 0 - 0
PRIX BUISSON D'OR STATO PARIS-TURF CHASE,15:35:00Z,3900,1-7-5-4,ZE TURF,WAMBA,A MERIENNE,J. MERIENNE,87,137,TDW,70.0,$82490,Croco Rouge,Lysalka,17: 3 - 4,18,41,10: 2 - 2,2: 1 - 1,0:0-0-0,2: 1 - 1,10: 2 - 2,1: 1 - 0,0: 0 - 0,0: 0 - 0,0: 0 - 0,0: 0 - 0,0: 0 - 0,0: 0 - 0,0: 0 - 0,0: 0 - 0
PRIX BUISSON D'OR STATO PARIS-TURF CHASE,15:35:00Z,3900,1-7-5-4,ZE TURF,MANDARIN BASC,A DE CHITRAY,P .JOURNIAC,69,1T8,D,70.0,$26270,Zambezi Sun,Queen's Crown,11: 1 - 0,9,9,7: 1 - 0,,0:0-0-0,0: 0 - 0,7: 1 - 0,0: 0 - 0,0: 0 - 0,0: 0 - 0,0: 0 - 0,0: 0 - 0,0: 0 - 0,0: 0 - 0,0: 0 - 0,0: 0 - 0
PRIX BUISSON D'OR STATO PARIS-TURF CHASE,15:35:00Z,3900,1-7-5-4,ZE TURF,MONSIEUR KING,V MORIN,D. RETIF,65,45A,W,69.0,$35077,Enrique,Irish Gale,14: 1 - 5,7,43,8: 0 - 3,,0:0-0-0,0: 0 - 0,8: 0 - 3,0: 0 - 0,0: 0 - 0,0: 0 - 0,0: 0 - 0,0: 0 - 0,0: 0 - 0,0: 0 - 0,0: 0 - 0,0: 0 - 0
PRIX BUISSON D'OR STATO PARIS-TURF CHASE,15:35:00Z,3900,1-7-5-4,ZE TURF,TROUSSEAU,D MESCAM,F.M. COTTIN,61,A8T,W,68.0,$29983,Tin Horse,Jetarsu,28: 1 - 9,4,36,13: 0 - 4,1: 0 - 0,0:0-0-0,1: 0 - 0,13: 0 - 4,1: 0 - 0,0: 0 - 0,0: 0 - 0,0: 0 - 0,0: 0 - 0,0: 0 - 0,0: 0 - 0,0: 0 - 0,0: 0 - 0
PRIX BUISSON D'OR STATO PARIS-TURF CHASE,15:35:00Z,3900,1-7-5-4,ZE TURF,ESTRELLA CAEL,B GLANTZMANN,P. LEBLANC,74,632,,66.0,$38515,Linda's Lad,Lahia Cael,25: 2 - 3,8,20,16: 0 - 2,,0:0-0-0,0: 0 - 0,16: 0 - 2,0: 0 - 0,0: 0 - 0,0: 0 - 0,0: 0 - 0,0: 0 - 0,0: 0 - 0,0: 0 - 0,0: 0 - 0,0: 0 - 0
PRIX BUISSON D'OR STATO PARIS-TURF CHASE,15:35:00Z,3900,1-7-5-4,ZE TURF,BLUE CRYSTAL,B MEME,P. LEBLANC,79,23T,W,65.0,$68631,Blue Bresil,Crystale De France,23: 0 - 3,0,13,8: 0 - 0,,0:0-0-0,0: 0 - 0,8: 0 - 0,0: 0 - 0,0: 0 - 0,0: 0 - 0,0: 0 - 0,0: 0 - 0,0: 0 - 0,0: 0 - 0,0: 0 - 0,0: 0 - 0
PRIX BUISSON D'OR STATO PARIS-TURF CHASE,15:35:00Z,3900,1-7-5-4,ZE TURF,THIGH ROCK,C PASSERAT,F.M. COTTIN,70,43A,,65.0,$1573,High Rock,Toraja,13: 0 - 1,0,8,8: 0 - 1,,0:0-0-0,0: 0 - 0,8: 0 - 1,0: 0 - 0,0: 0 - 0,0: 0 - 0,0: 0 - 0,0: 0 - 0,0: 0 - 0,0: 0 - 0,0: 0 - 0,0: 0 - 0
PRIX BUISSON D'OR STATO PARIS-TURF CHASE,15:35:00Z,3900,1-7-5-4,ZE TURF,TRIBALION,F BAYLE,P&JL.BUTEL   BEAUNEZ (S),62,549,DW,64.0,$84263,Myboycharlie,Trice,47: 1 - 8,2,19,26: 1 - 5,,0:0-0-0,0: 0 - 0,26: 1 - 5,0: 0 - 0,0: 0 - 0,0: 0 - 0,0: 0 - 0,0: 0 - 0,0: 0 - 0,0: 0 - 0,0: 0 - 0,0: 0 - 0
 VISITDRESDENNOW,14:10:00Z,1500,5-6-8,WETT STAR,RICHELIEU,CLEMENT LECOEUVRE,STEFAN RICHTER,67,879,,60.0,$0,Lilbourne Lad,Right Key,13: 1 - 2,8,23,6: 0 - 2,2: 0 - 0,0:0-0-0,2: 0 - 0,6: 0 - 2,0: 0 - 0,0: 0 - 0,0: 0 - 0,0: 0 - 0,0: 0 - 0,0: 0 - 0,0: 0 - 0,0: 0 - 0,0: 0 - 0
 VISITDRESDENNOW,14:10:00Z,1500,5-6-8,WETT STAR,KINETIC CROSS,FILIP MINARIK,PAVEL VOVCENKO,69,707,DW,59.5,$0,Cape Cross,Kinetica,18: 2 - 3,11,28,16: 2 - 3,,0:0-0-0,0: 0 - 0,16: 2 - 3,0: 0 - 0,0: 0 - 0,0: 0 - 0,0: 0 - 0,0: 0 - 0,0: 0 - 0,0: 0 - 0,0: 0 - 0,0: 0 - 0
 VISITDRESDENNOW,14:10:00Z,1500,5-6-8,WETT STAR,ALL WIN,ADRIE DE VRIES,HANS-JURGEN GROSCHEL,93,576,TDW,59.0,$0,Approve (IRE),Tintern (GB),45: 6 - 14,13,44,26: 4 - 7,3: 1 - 1,0:0-0-0,3: 1 - 1,26: 4 - 7,3: 1 - 1,0: 0 - 0,0: 0 - 0,0: 0 - 0,0: 0 - 0,0: 0 - 0,0: 0 - 0,0: 0 - 0,0: 0 - 0
 VISITDRESDENNOW,14:10:00Z,1500,5-6-8,WETT STAR,ANTARES,BAUYRZHAN MURZABAYEV,ROLAND DZUBASZ,88,908,TDW,57.0,$0,Kallisto,Anastra,50: 6 - 15,12,42,23: 4 - 5,8: 1 - 3,0:0-0-0,8: 1 - 3,23: 4 - 5,3: 0 - 1,0: 0 - 0,0: 0 - 0,0: 0 - 0,0: 0 - 0,0: 0 - 0,0: 0 - 0,0: 0 - 0,0: 0 - 0
 VISITDRESDENNOW,14:10:00Z,1500,5-6-8,WETT STAR,NAVARO,ANDRASCH STARKE,HENK GREWE,100,327,D,57.0,$0,Sordino,Narrika,8: 1 - 2,12,38,6: 1 - 1,,0:0-0-0,0: 0 - 0,6: 1 - 1,0: 0 - 0,0: 0 - 0,0: 0 - 0,0: 0 - 0,0: 0 - 0,0: 0 - 0,0: 0 - 0,0: 0 - 0,0: 0 - 0
 VISITDRESDENNOW,14:10:00Z,1500,5-6-8,WETT STAR,SHA GINO,WENKE FALLAND,GUIDO SCHOLZE,96,621,TDW,53.0,$0,It's Gino,Shaheen,63: 7 - 19,11,41,51: 6 - 15,18: 4 - 4,0:0-0-0,18: 4 - 4,51: 6 - 15,17: 4 - 4,0: 0 - 0,0: 0 - 0,0: 0 - 0,0: 0 - 0,0: 0 - 0,0: 0 - 0,0: 0 - 0,0: 0 - 0
 VISITDRESDENNOW,14:10:00Z,1500,5-6-8,WETT STAR,BELINDA TOO,MARTIN SEIDL,HELENA VORSILKOVA,78,346,TD,53.5,$0,Tertullian (USA),Belinga,34: 4 - 5,12,26,23: 4 - 3,15: 4 - 2,0:0-0-0,15: 4 - 2,23: 4 - 3,14: 4 - 2,0: 0 - 0,0: 0 - 0,0: 0 - 0,0: 0 - 0,0: 0 - 0,0: 0 - 0,0: 0 - 0,0: 0 - 0
 VISITDRESDENNOW,14:10:00Z,1500,5-6-8,WETT STAR,SO BEAUTIFUL,MARCO CASAMENTO,CLAUDIA BARSIG,83,149,D,53.0,$0,Areion,So Fair,3: 1 - 0,33,33,3: 1 - 0,,0:0-0-0,0: 0 - 0,3: 1 - 0,0: 0 - 0,0: 0 - 0,0: 0 - 0,0: 0 - 0,0: 0 - 0,0: 0 - 0,0: 0 - 0,0: 0 - 0,0: 0 - 0
 VISITDRESDENNOW,14:10:00Z,1500,5-6-8,WETT STAR,KODI BEACH,JOZEF BOJKO,FRANK FUHRMANN,74,049,,52.5,$0,Kodiac,Annie Beach,7: 0 - 0,0,0,4: 0 - 0,,0:0-0-0,0: 0 - 0,4: 0 - 0,0: 0 - 0,0: 0 - 0,0: 0 - 0,0: 0 - 0,0: 0 - 0,0: 0 - 0,0: 0 - 0,0: 0 - 0,0: 0 - 0
BWIN BBAG AUKTIONSRENNEN DRESDEN,14:30:00Z,1200,3-1-2,WETT STAR,ALISON,ADRIE DE VRIES,HANS-JURGEN GROSCHEL,90,130,D,59.0,$0,Areion,Caesarina,4: 2 - 1,50,75,2: 2 - 0,,0:0-0-0,0: 0 - 0,2: 2 - 0,0: 0 - 0,0: 0 - 0,0: 0 - 0,0: 0 - 0,0: 0 - 0,0: 0 - 0,0: 0 - 0,0: 0 - 0,0: 0 - 0
BWIN BBAG AUKTIONSRENNEN DRESDEN,14:30:00Z,1200,3-1-2,WETT STAR,BIG BEAT,FILIP MINARIK,A NDREAS.SUBORICS,99,821,DW,59.0,$0,Soldier Hollow,Bella Flora,5: 1 - 2,20,60,3: 1 - 2,,0:0-0-0,0: 0 - 0,3: 1 - 2,0: 0 - 0,0: 0 - 0,0: 0 - 0,0: 0 - 0,0: 0 - 0,0: 0 - 0,0: 0 - 0,0: 0 - 0,0: 0 - 0
BWIN BBAG AUKTIONSRENNEN DRESDEN,14:30:00Z,1200,3-1-2,WETT STAR,LA LA LAND,ANDRASCH STARKE,HENK GREWE,100,233,,59.0,$0,Outstrip,La Caldera,6: 1 - 5,17,100,3: 0 - 3,,0:0-0-0,0: 0 - 0,3: 0 - 3,0: 0 - 0,0: 0 - 0,0: 0 - 0,0: 0 - 0,0: 0 - 0,0: 0 - 0,0: 0 - 0,0: 0 - 0,0: 0 - 0
BWIN BBAG AUKTIONSRENNEN DRESDEN,14:30:00Z,1200,3-1-2,WETT STAR,BEST EVENING,RENE PIECHULEK,A NDREAS.SUBORICS,70,983,,57.0,$0,Sommerabend,Best Dreaming,7: 0 - 1,0,14,5: 0 - 1,,0:0-0-0,0: 0 - 0,5: 0 - 1,0: 0 - 0,0: 0 - 0,0: 0 - 0,0: 0 - 0,0: 0 - 0,0: 0 - 0,0: 0 - 0,0: 0 - 0,0: 0 - 0
BWIN BBAG AUKTIONSRENNEN DRESDEN,14:30:00Z,1200,3-1-2,WETT STAR,REVENTA,BAUYRZHAN MURZABAYEV,ANDREAS WOHLER,81,562,,57.0,$0,Areion,Rahada,4: 0 - 1,0,25,2: 0 - 1,,0:0-0-0,0: 0 - 0,2: 0 - 1,0: 0 - 0,0: 0 - 0,0: 0 - 0,0: 0 - 0,0: 0 - 0,0: 0 - 0,0: 0 - 0,0: 0 - 0,0: 0 - 0
BWIN BBAG AUKTIONSRENNEN DRESDEN,14:30:00Z,1200,3-1-2,WETT STAR,CAIPIRANHA,CLEMENT LECOEUVRE,HENK GREWE,75,5,,55.0,$0,Olympic Glory,Caramanta,1: 0 - 0,0,0,,,0:0-0-0,0: 0 - 0,0: 0 - 0,0: 0 - 0,0: 0 - 0,0: 0 - 0,0: 0 - 0,0: 0 - 0,0: 0 - 0,0: 0 - 0,0: 0 - 0,0: 0 - 0
BWIN BBAG AUKTIONSRENNEN DRESDEN,14:30:00Z,1200,3-1-2,WETT STAR,LEX LUTHOR,LUKAS DELOZIER,M ARIAN.FALK.WEISSMEIER,86,1,,55.0,$0,Lethal Force,Pointed Arch,1: 1 - 0,100,100,,,0:0-0-0,0: 0 - 0,0: 0 - 0,0: 0 - 0,0: 0 - 0,0: 0 - 0,0: 0 - 0,0: 0 - 0,0: 0 - 0,0: 0 - 0,0: 0 - 0,0: 0 - 0
BWIN BBAG AUKTIONSRENNEN DRESDEN,14:30:00Z,1200,3-1-2,WETT STAR,NIGHT LIGHT,MARCO CASAMENTO,TONI POTTERS,78,5,,53.0,$0,Areion,Najinskaja,1: 0 - 0,0,0,1: 0 - 0,,0:0-0-0,0: 0 - 0,1: 0 - 0,0: 0 - 0,0: 0 - 0,0: 0 - 0,0: 0 - 0,0: 0 - 0,0: 0 - 0,0: 0 - 0,0: 0 - 0,0: 0 - 0
BWIN BBAG AUKTIONSRENNEN DRESDEN,14:30:00Z,1200,3-1-2,WETT STAR,SEEADLER,MARTIN LAUBE,MARCO ANGERMANN,66,486,,53.0,$0,Slickly,Seepracht,4: 0 - 0,0,0,,,0:0-0-0,0: 0 - 0,0: 0 - 0,0: 0 - 0,0: 0 - 0,0: 0 - 0,0: 0 - 0,0: 0 - 0,0: 0 - 0,0: 0 - 0,0: 0 - 0,0: 0 - 0
COVID GO HOME,15:00:00Z,1400,4-1-10,WETT STAR,BIRTHDAY PRINCE,CLEMENT LECOEUVRE,TONI POTTERS,90,764,DW,61.5,$0,Areion,Birthday Spectrum,78: 9 - 15,12,31,41: 5 - 9,2: 0 - 2,0:0-0-0,2: 0 - 2,41: 5 - 9,2: 0 - 2,0: 0 - 0,0: 0 - 0,0: 0 - 0,0: 0 - 0,0: 0 - 0,0: 0 - 0,0: 0 - 0,0: 0 - 0
COVID GO HOME,15:00:00Z,1400,4-1-10,WETT STAR,AL REEF,ANDRASCH STARKE,MARCO ANGERMANN,78,099,,61.0,$0,Shamardal,Alazeya,10: 1 - 2,10,30,2: 0 - 0,1: 0 - 0,0:0-0-0,1: 0 - 0,2: 0 - 0,1: 0 - 0,0: 0 - 0,0: 0 - 0,0: 0 - 0,0: 0 - 0,0: 0 - 0,0: 0 - 0,0: 0 - 0,0: 0 - 0
COVID GO HOME,15:00:00Z,1400,4-1-10,WETT STAR,FLORA TRISTAN,JOZEF BOJKO,FRANK FUHRMANN,99,536,,60.5,$0,Zoffany,Red Roxanne,8: 0 - 1,0,12,2: 0 - 1,,0:0-0-0,0: 0 - 0,2: 0 - 1,0: 0 - 0,0: 0 - 0,0: 0 - 0,0: 0 - 0,0: 0 - 0,0: 0 - 0,0: 0 - 0,0: 0 - 0,0: 0 - 0
COVID GO HOME,15:00:00Z,1400,4-1-10,WETT STAR,MR GENT,BAUYRZHAN MURZABAYEV,LUCIEN W.J.VAN DER MEULEN,95,200,,59.5,$0,Society Rock,Furnival,14: 0 - 5,0,36,4: 0 - 2,,0:0-0-0,0: 0 - 0,4: 0 - 2,0: 0 - 0,0: 0 - 0,0: 0 - 0,0: 0 - 0,0: 0 - 0,0: 0 - 0,0: 0 - 0,0: 0 - 0,0: 0 - 0
COVID GO HOME,15:00:00Z,1400,4-1-10,WETT STAR,FEUERBLUME,FILIP MINARIK,PAVEL VOVCENKO,76,657,,57.0,$0,Requinto,Amber's Bluff,12: 0 - 2,0,17,,,0:0-0-0,0: 0 - 0,0: 0 - 0,0: 0 - 0,0: 0 - 0,0: 0 - 0,0: 0 - 0,0: 0 - 0,0: 0 - 0,0: 0 - 0,0: 0 - 0,0: 0 - 0
COVID GO HOME,15:00:00Z,1400,4-1-10,WETT STAR,PARION,ANNA VAN DEN TROOST,FRANK FUHRMANN,88,696,W,57.0,$0,Mayson,Delft,19: 0 - 6,0,32,8: 0 - 4,,0:0-0-0,0: 0 - 0,8: 0 - 4,0: 0 - 0,0: 0 - 0,0: 0 - 0,0: 0 - 0,0: 0 - 0,0: 0 - 0,0: 0 - 0,0: 0 - 0,0: 0 - 0
COVID GO HOME,15:00:00Z,1400,4-1-10,WETT STAR,RATEEL,ANDRE BEST,FRANK FUHRMANN,85,088,DW,55.5,$0,Arcano,Spanish Pride,76: 6 - 18,8,32,40: 4 - 8,2: 0 - 1,0:0-0-0,2: 0 - 1,40: 4 - 8,2: 0 - 1,0: 0 - 0,0: 0 - 0,0: 0 - 0,0: 0 - 0,0: 0 - 0,0: 0 - 0,0: 0 - 0,0: 0 - 0
COVID GO HOME,15:00:00Z,1400,4-1-10,WETT STAR,HEAVENLY BOUND,MICHAEL CADEDDU,ROLAND DZUBASZ,70,008,,53.0,$0,Dark Angel,Dutch Diamond,5: 0 - 0,0,0,2: 0 - 0,,0:0-0-0,0: 0 - 0,2: 0 - 0,0: 0 - 0,0: 0 - 0,0: 0 - 0,0: 0 - 0,0: 0 - 0,0: 0 - 0,0: 0 - 0,0: 0 - 0,0: 0 - 0
COVID GO HOME,15:00:00Z,1400,4-1-10,WETT STAR,VINNIE'S WISH,CARLOS HENRIQUE,I SABELL.KREGER,83,654,,53.0,$0,Most Improved,Sarella Loren,12: 0 - 0,0,0,4: 0 - 0,,0:0-0-0,0: 0 - 0,4: 0 - 0,0: 0 - 0,0: 0 - 0,0: 0 - 0,0: 0 - 0,0: 0 - 0,0: 0 - 0,0: 0 - 0,0: 0 - 0,0: 0 - 0
COVID GO HOME,15:00:00Z,1400,4-1-10,WETT STAR,JUNGLE SPIRIT,MARCO CASAMENTO,FRANK FUHRMANN,100,664,W,52.5,$0,Bungle Inthejungle,Where's Charlotte,10: 1 - 0,10,10,2: 0 - 0,,0:0-0-0,0: 0 - 0,2: 0 - 0,0: 0 - 0,0: 0 - 0,0: 0 - 0,0: 0 - 0,0: 0 - 0,0: 0 - 0,0: 0 - 0,0: 0 - 0,0: 0 - 0
COVID GO HOME,15:00:00Z,1400,4-1-10,WETT STAR,DR SMOLDER,MIRKO SANNA,MARKO MEGSNER,74,000,D,52.0,$0,Bungle Inthejungle,Chimay,14: 1 - 1,7,14,3: 1 - 1,2: 0 - 0,0:0-0-0,2: 0 - 0,3: 1 - 1,0: 0 - 0,0: 0 - 0,0: 0 - 0,0: 0 - 0,0: 0 - 0,0: 0 - 0,0: 0 - 0,0: 0 - 0,0: 0 - 0
2500STES RENNEN DES DRV 1890 SEIT 1991,15:30:00Z,2100,1-8-5,WETT STAR,ARABIAN DREAMER,MARCO CASAMENTO,E LISABETH.STORP,95,572,DW,60.5,$0,Youmzain (IRE),Rosa Mundi (GB),49: 5 - 13,10,37,35: 4 - 10,2: 0 - 0,0:0-0-0,2: 0 - 0,35: 4 - 10,2: 0 - 0,0: 0 - 0,0: 0 - 0,0: 0 - 0,0: 0 - 0,0: 0 - 0,0: 0 - 0,0: 0 - 0,0: 0 - 0
2500STES RENNEN DES DRV 1890 SEIT 1991,15:30:00Z,2100,1-8-5,WETT STAR,NEW ORDER,FILIP MINARIK,FRANK FUHRMANN,98,169,TDW,58.5,$0,Eden Rock,New Game,24: 4 - 5,17,38,13: 2 - 4,8: 1 - 2,0:0-0-0,8: 1 - 2,13: 2 - 4,6: 1 - 2,0: 0 - 0,0: 0 - 0,0: 0 - 0,0: 0 - 0,0: 0 - 0,0: 0 - 0,0: 0 - 0,0: 0 - 0
2500STES RENNEN DES DRV 1890 SEIT 1991,15:30:00Z,2100,1-8-5,WETT STAR,NOMIA,MARTIN LAUBE,MARCO ANGERMANN,84,713,TDW,58.0,$0,Poet's Voice,Nianga,33: 3 - 9,9,36,20: 3 - 6,8: 1 - 3,0:0-0-0,8: 1 - 3,20: 3 - 6,6: 1 - 2,0: 0 - 0,0: 0 - 0,0: 0 - 0,0: 0 - 0,0: 0 - 0,0: 0 - 0,0: 0 - 0,0: 0 - 0
2500STES RENNEN DES DRV 1890 SEIT 1991,15:30:00Z,2100,1-8-5,WETT STAR,PARDA,MAIKE RIEHL,M ARCEL.WEISS,73,089,W,55.0,$0,Kalatos,Pongal,12: 1 - 2,8,25,1: 0 - 0,,0:0-0-0,0: 0 - 0,1: 0 - 0,0: 0 - 0,0: 0 - 0,0: 0 - 0,0: 0 - 0,0: 0 - 0,0: 0 - 0,0: 0 - 0,0: 0 - 0,0: 0 - 0
2500STES RENNEN DES DRV 1890 SEIT 1991,15:30:00Z,2100,1-8-5,WETT STAR,MALO,SIBYLLE VOGT,F RIEDERIKE.SCHLOMS,87,391,TD,57.0,$0,Areion,Malafemina,15: 1 - 5,7,40,4: 1 - 1,3: 1 - 1,0:0-0-0,3: 1 - 1,4: 1 - 1,1: 1 - 0,0: 0 - 0,0: 0 - 0,0: 0 - 0,0: 0 - 0,0: 0 - 0,0: 0 - 0,0: 0 - 0,0: 0 - 0
2500STES RENNEN DES DRV 1890 SEIT 1991,15:30:00Z,2100,1-8-5,WETT STAR,PRINCESS KAHENA,ANDRE BEST,SARKA SCHUTZ,81,762,D,57.0,$0,Soldier Hollow,Princess Kaiulani,8: 1 - 1,12,25,6: 1 - 1,1: 0 - 1,0:0-0-0,1: 0 - 1,6: 1 - 1,1: 0 - 1,0: 0 - 0,0: 0 - 0,0: 0 - 0,0: 0 - 0,0: 0 - 0,0: 0 - 0,0: 0 - 0,0: 0 - 0
2500STES RENNEN DES DRV 1890 SEIT 1991,15:30:00Z,2100,1-8-5,WETT STAR,LA ALUNA,BAYARSAIKHAN GANBAT,ELFI SCHNAKENBERG,92,530,W,56.5,$0,Soldier Hollow,Lasuna,9: 0 - 4,0,44,2: 0 - 1,,0:0-0-0,0: 0 - 0,2: 0 - 1,0: 0 - 0,0: 0 - 0,0: 0 - 0,0: 0 - 0,0: 0 - 0,0: 0 - 0,0: 0 - 0,0: 0 - 0,0: 0 - 0
2500STES RENNEN DES DRV 1890 SEIT 1991,15:30:00Z,2100,1-8-5,WETT STAR,MABOU,BAUYRZHAN MURZABAYEV,ROLAND DZUBASZ,100,061,D,55.0,$0,Maxios,Macuna,4: 1 - 0,25,25,2: 1 - 0,1: 0 - 0,0:0-0-0,1: 0 - 0,2: 1 - 0,0: 0 - 0,0: 0 - 0,0: 0 - 0,0: 0 - 0,0: 0 - 0,0: 0 - 0,0: 0 - 0,0: 0 - 0,0: 0 - 0
2500STES RENNEN DES DRV 1890 SEIT 1991,15:30:00Z,2100,1-8-5,WETT STAR,ORIENTAL PRINCESS,MIRKO SANNA,ELFI SCHNAKENBERG,72,570,,53.5,$0,Neatico,Oriental World,10: 0 - 0,0,0,5: 0 - 0,1: 0 - 0,0:0-0-0,1: 0 - 0,5: 0 - 0,1: 0 - 0,0: 0 - 0,0: 0 - 0,0: 0 - 0,0: 0 - 0,0: 0 - 0,0: 0 - 0,0: 0 - 0,0: 0 - 0
2500STES RENNEN DES DRV 1890 SEIT 1991,15:30:00Z,2100,1-8-5,WETT STAR,KAISERTALER,ANNA VAN DEN TROOST,HELENA VORSILKOVA,78,344,TD,52.0,$0,Wiener Walzer,Kaiserblumchen,11: 1 - 1,9,18,8: 1 - 1,7: 1 - 0,0:0-0-0,7: 1 - 0,8: 1 - 1,7: 1 - 0,0: 0 - 0,0: 0 - 0,0: 0 - 0,0: 0 - 0,0: 0 - 0,0: 0 - 0,0: 0 - 0,0: 0 - 0
2500STES RENNEN DES DRV 1890 SEIT 1991,15:30:00Z,2100,1-8-5,WETT STAR,NAPSTON,MARTIN SEIDL,STEFAN RICHTER,76,855,DW,52.5,$0,Samum,Napata,29: 2 - 8,7,34,22: 1 - 7,9: 0 - 4,0:0-0-0,9: 0 - 4,22: 1 - 7,9: 0 - 4,0: 0 - 0,0: 0 - 0,0: 0 - 0,0: 0 - 0,0: 0 - 0,0: 0 - 0,0: 0 - 0,0: 0 - 0
GRANGES - LADY SNARTS LOPP - STL MS,14:20:00Z,1640,4-6-5,SWEDEN TIPS,WILLOW PRIDE,M FORSS,M NIEMINEN,86,141,,0.0,$381913,Love You,Lady Pine,63: 17 - 19,27,57,2: 0 - 2,,0:0-0-0,0: 0 - 0,2: 0 - 2,0: 0 - 0,,6: 1 - 3,5: 3 - 1,,,,,
GRANGES - LADY SNARTS LOPP - STL MS,14:20:00Z,1640,4-6-5,SWEDEN TIPS,HEVIN BOKO,R N SKOGLUND,T NURMOS,83,232,T,0.0,$494371,Going Kronos,Welat Boko,39: 10 - 15,26,64,2: 0 - 1,18: 6 - 7,0:0-0-0,18: 6 - 7,2: 0 - 1,2: 0 - 1,,3: 1 - 2,3: 1 - 1,,,,,
GRANGES - LADY SNARTS LOPP - STL MS,14:20:00Z,1640,4-6-5,SWEDEN TIPS,I LOVE PARIS,U OHLSSON,B GOOP,70,137,TD,0.0,$622767,Steinlager,Marie Dulcinea,101: 14 - 29,14,43,11: 3 - 3,9: 4 - 0,0:0-0-0,9: 4 - 0,11: 3 - 3,3: 2 - 0,,8: 1 - 4,7: 2 - 1,,,,,
GRANGES - LADY SNARTS LOPP - STL MS,14:20:00Z,1640,4-6-5,SWEDEN TIPS,DOUBLE EXPOSURE,O KIHLSTROM,D REDEN,100,1x1,TD,0.0,$838674,Donato Hanover,K.d.girl,42: 20 - 8,48,67,11: 6 - 3,12: 7 - 1,0:0-0-0,12: 7 - 1,11: 6 - 3,4: 2 - 0,,6: 4 - 1,5: 2 - 2,,,,,
GRANGES - LADY SNARTS LOPP - STL MS,14:20:00Z,1640,4-6-5,SWEDEN TIPS,VIVACIOUS ALLIE,J UNTERSTEINER,D REDEN,87,x41,TD,0.0,$202411,Muscle Hill,K.d.girl,21: 7 - 4,33,52,6: 1 - 2,4: 3 - 1,0:0-0-0,4: 3 - 1,6: 1 - 2,2: 1 - 1,,4: 1 - 0,3: 1 - 2,,,,,
GRANGES - LADY SNARTS LOPP - STL MS,14:20:00Z,1640,4-6-5,SWEDEN TIPS,TESSY D'ETE,C J JEPSON,J RIORDAN,76,4x1,,0.0,$958274,Ganymede,Love Me Tender It,64: 15 - 18,23,52,3: 0 - 2,,0:0-0-0,0: 0 - 0,3: 0 - 2,0: 0 - 0,,4: 1 - 2,3: 1 - 0,,,,,
GRANGES - LADY SNARTS LOPP - STL MS,14:20:00Z,1640,4-6-5,SWEDEN TIPS,MELLBY FREE,B GOOP,B GOOP,98,12x,TD,0.0,$1159510,Muscle Hill,Mellby Ticket,22: 14 - 6,64,91,2: 2 - 0,9: 5 - 3,0:0-0-0,9: 5 - 3,2: 2 - 0,1: 1 - 0,,4: 3 - 1,4: 4 - 0,,,,,
GRANGES - LADY SNARTS LOPP - STL MS,14:20:00Z,1640,4-6-5,SWEDEN TIPS,ZANIAH BI,T JANSSON,B GOOP,81,5x2,D,0.0,$382434,Equinox Bi,Fendi Bi,30: 10 - 4,33,47,2: 1 - 0,,0:0-0-0,0: 0 - 0,2: 1 - 0,0: 0 - 0,,2: 1 - 1,1: 1 - 0,,,,,
GRANGES - LADY SNARTS LOPP - STL MS,14:20:00Z,1640,4-6-5,SWEDEN TIPS,ULTRA BRIGHT,E ADIELSSON,F PERSSON,95,x31,TD,0.0,$684569,Zola Boko,Patina,49: 15 - 14,31,59,11: 2 - 3,10: 2 - 6,0:0-0-0,10: 2 - 6,11: 2 - 3,1: 0 - 1,,7: 1 - 4,6: 4 - 1,,,,,
GRANGES - LADY SNARTS LOPP - STL MS,14:20:00Z,1640,4-6-5,SWEDEN TIPS,UNIQUE JUNI,J WESTHOLM,J WESTHOLM,71,216,TD,0.0,$680047,Uptown Yankee,Staro Unique,65: 10 - 19,15,45,14: 2 - 4,21: 4 - 5,0:0-0-0,21: 4 - 5,14: 2 - 4,6: 1 - 1,,5: 2 - 0,5: 0 - 2,,,,,
"TAXI STOCKHOLM - STL KLASS II, FINAL MS",14:42:00Z,2140,8-6-1-4,SWEDEN TIPS,VELTEN LIMELIGHT,R EBBINGE,J W ENGWERDA,100,x11,D,0.0,$57174,S.j.'s Caviar,Velten Versace,9: 8 - 0,89,89,4: 3 - 0,,0:0-0-0,0: 0 - 0,4: 3 - 0,0: 0 - 0,,3: 3 - 0,3: 2 - 0,,,,,
"TAXI STOCKHOLM - STL KLASS II, FINAL MS",14:42:00Z,2140,8-6-1-4,SWEDEN TIPS,T.REX FACE,T KARLSTEDT,H KARLSSON,72,117,D,0.0,$55318,Joke Face,Charmaine As,21: 4 - 7,19,52,12: 4 - 3,1: 0 - 1,0:0-0-0,1: 0 - 1,12: 4 - 3,1: 0 - 1,,3: 1 - 1,3: 0 - 2,,,,,
"TAXI STOCKHOLM - STL KLASS II, FINAL MS",14:42:00Z,2140,8-6-1-4,SWEDEN TIPS,ENJOY THE GAME,T UHRBERG,S JUUL,83,x12,D,0.0,$46044,Ens Snapshot,True Vallee Bay,18: 5 - 4,28,50,9: 1 - 3,,0:0-0-0,0: 0 - 0,9: 1 - 3,0: 0 - 0,,3: 2 - 1,3: 0 - 2,,,,,
"TAXI STOCKHOLM - STL KLASS II, FINAL MS",14:42:00Z,2140,8-6-1-4,SWEDEN TIPS,MR MARVELOUS,U OHLSSON,R LILJENDAHL,86,231,TD,0.0,$55130,Ready Cash,Alphadoodle,8: 3 - 4,38,88,8: 3 - 4,4: 1 - 2,0:0-0-0,4: 1 - 2,8: 3 - 4,4: 1 - 2,,2: 1 - 1,2: 0 - 2,,,,,
"TAXI STOCKHOLM - STL KLASS II, FINAL MS",14:42:00Z,2140,8-6-1-4,SWEDEN TIPS,BIG SHOT,T JANSSON,R WALMANN,70,277,TD,0.0,$39609,Maharajah,Target Hoss,12: 2 - 4,17,50,8: 2 - 3,8: 2 - 2,0:0-0-0,8: 2 - 2,8: 2 - 3,6: 2 - 1,,2: 0 - 1,2: 0 - 1,,,,,
"TAXI STOCKHOLM - STL KLASS II, FINAL MS",14:42:00Z,2140,8-6-1-4,SWEDEN TIPS,GARDNER SHAW,J WESTHOLM,J WESTHOLM,85,x11,D,0.0,$54817,Ready Cash,Bloom Boko,13: 3 - 5,23,62,8: 2 - 3,5: 0 - 4,0:0-0-0,5: 0 - 4,8: 2 - 3,3: 0 - 2,,3: 2 - 0,3: 1 - 2,,,,,
"TAXI STOCKHOLM - STL KLASS II, FINAL MS",14:42:00Z,2140,8-6-1-4,SWEDEN TIPS,VASTERBO POKERFACE,J KONTIO,T NURMOS,82,3x2,TD,0.0,$41348,Timoko,Vasterbo Cher,10: 4 - 3,40,70,8: 4 - 2,3: 2 - 0,0:0-0-0,3: 2 - 0,8: 4 - 2,3: 2 - 0,,4: 2 - 2,2: 2 - 0,,,,,
"TAXI STOCKHOLM - STL KLASS II, FINAL MS",14:42:00Z,2140,8-6-1-4,SWEDEN TIPS,DON FANUCCI ZET,O KIHLSTROM,D REDEN,94,132,D,0.0,$132031,Hard Livin,Kissed By The West,10: 6 - 3,60,90,9: 5 - 3,1: 0 - 0,0:0-0-0,1: 0 - 0,9: 5 - 3,1: 0 - 0,,2: 2 - 0,2: 2 - 0,,,,,
"TAXI STOCKHOLM - STL KLASS II, FINAL MS",14:42:00Z,2140,8-6-1-4,SWEDEN TIPS,FRODO S.,B GOOP,B GOOP,75,425,TD,0.0,$40834,Uniclove,Fijona,16: 6 - 6,38,75,7: 3 - 2,4: 3 - 1,0:0-0-0,4: 3 - 1,7: 3 - 2,3: 2 - 1,,2: 2 - 0,2: 2 - 0,,,,,
"TAXI STOCKHOLM - STL KLASS II, FINAL MS",14:42:00Z,2140,8-6-1-4,SWEDEN TIPS,VITRO DIABLO,P UNTERSTEINER,P UNTERSTEINER,71,x43,D,0.0,$41974,Bold Eagle,Chanson D'Inverne,9: 2 - 3,22,56,6: 2 - 3,,0:0-0-0,0: 0 - 0,6: 2 - 3,0: 0 - 0,,3: 0 - 0,2: 1 - 1,,,,,
"TAXI STOCKHOLM - STL KLASS II, FINAL MS",14:42:00Z,2140,8-6-1-4,SWEDEN TIPS,FREDRIC PALEMA,M J ANDERSSON,P HEDBERG,79,104,D,0.0,$54081,Symphonic Hanover,Nettan Palema,22: 5 - 8,23,59,17: 4 - 6,,0:0-0-0,0: 0 - 0,17: 4 - 6,0: 0 - 0,,3: 0 - 2,2: 0 - 2,,,,,
"TAXI STOCKHOLM - STL KLASS II, FINAL MS",14:42:00Z,2140,8-6-1-4,SWEDEN TIPS,RACKHAM,C ERIKSSON,C ERIKSSON,92,x11,D,0.0,$54504,Love You,Red Orchid,9: 4 - 3,44,78,6: 2 - 3,,0:0-0-0,0: 0 - 0,6: 2 - 3,0: 0 - 0,,2: 1 - 0,2: 2 - 0,,,,,
"WEBER - STL SILVERDIVISIONEN, FINAL MS",15:05:00Z,2140,6-3-2-11,SWEDEN TIPS,ISLAND LIFE,P LENNARTSSON,R BERGH,77,811,TD,0.0,$237514,Pine Chip,Gossip,60: 18 - 10,30,47,42: 17 - 8,17: 7 - 1,0:0-0-0,17: 7 - 1,42: 17 - 8,16: 7 - 1,,9: 3 - 2,9: 3 - 2,,,,,
"WEBER - STL SILVERDIVISIONEN, FINAL MS",15:05:00Z,2140,6-3-2-11,SWEDEN TIPS,PROSPEROUS,J SJUNNESSON,H A GRIFT,93,113,TD,0.0,$283941,Prodigious,Glorify,49: 15 - 11,31,53,20: 8 - 9,4: 1 - 1,0:0-0-0,4: 1 - 1,20: 8 - 9,3: 1 - 1,,5: 2 - 0,5: 2 - 0,,,,,
"WEBER - STL SILVERDIVISIONEN, FINAL MS",15:05:00Z,2140,6-3-2-11,SWEDEN TIPS,COOGAN,O KIHLSTROM,D REDEN,89,117,TD,0.0,$170618,Donato Hanover,Warrawee Lassie,35: 12 - 9,34,60,9: 5 - 2,5: 3 - 1,0:0-0-0,5: 3 - 1,9: 5 - 2,3: 2 - 1,,7: 1 - 3,5: 2 - 1,,,,,
"WEBER - STL SILVERDIVISIONEN, FINAL MS",15:05:00Z,2140,6-3-2-11,SWEDEN TIPS,WILD LOVE,K OSCARSSON,B SIMBERG,71,310,D,0.0,$264680,Love You,Twins Vilda,53: 13 - 17,25,57,39: 9 - 14,5: 0 - 1,0:0-0-0,5: 0 - 1,39: 9 - 14,4: 0 - 1,,1: 0 - 1,1: 1 - 0,,,,,
"WEBER - STL SILVERDIVISIONEN, FINAL MS",15:05:00Z,2140,6-3-2-11,SWEDEN TIPS,MAN AT WORK,J KONTIO,T NURMOS,83,132,TD,0.0,$208414,Ken Warkentin,Illustre November,44: 10 - 12,23,50,32: 8 - 10,13: 2 - 4,0:0-0-0,13: 2 - 4,32: 8 - 10,12: 2 - 4,,8: 5 - 1,7: 2 - 1,,,,,
"WEBER - STL SILVERDIVISIONEN, FINAL MS",15:05:00Z,2140,6-3-2-11,SWEDEN TIPS,VERY KRONOS,E ADIELSSON,S BATH,100,2x1,TD,0.0,$274564,Ready Cash,Glide About,28: 15 - 1,54,57,14: 9 - 1,9: 5 - 1,0:0-0-0,9: 5 - 1,14: 9 - 1,7: 4 - 1,,4: 4 - 0,3: 2 - 0,,,,,
"WEBER - STL SILVERDIVISIONEN, FINAL MS",15:05:00Z,2140,6-3-2-11,SWEDEN TIPS,RELIGIOUS,M FORSS,N PETTERSSON-PERKLEN,82,623,TD,0.0,$173828,Pastor Stephen,Pepita Zet,36: 10 - 15,28,69,26: 7 - 13,14: 2 - 7,0:0-0-0,14: 2 - 7,26: 7 - 13,13: 2 - 7,,2: 1 - 1,2: 1 - 1,,,,,
"WEBER - STL SILVERDIVISIONEN, FINAL MS",15:05:00Z,2140,6-3-2-11,SWEDEN TIPS,COMMIT BOOM BAY,T UHRBERG,S JUUL,98,x12,D,0.0,$277527,Ens Snapshot,Oddsindskudspubben,36: 11 - 10,31,58,14: 4 - 5,,0:0-0-0,0: 0 - 0,14: 4 - 5,0: 0 - 0,,6: 2 - 0,6: 2 - 4,,,,,
"WEBER - STL SILVERDIVISIONEN, FINAL MS",15:05:00Z,2140,6-3-2-11,SWEDEN TIPS,HAN HERRED,U OHLSSON,R LILJENDAHL,70,444,TD,0.0,$198503,Infinitif,Donna G.t.,42: 8 - 9,19,40,33: 8 - 6,21: 6 - 7,0:0-0-0,21: 6 - 7,33: 8 - 6,19: 6 - 5,,7: 2 - 1,6: 0 - 4,,,,,
"WEBER - STL SILVERDIVISIONEN, FINAL MS",15:05:00Z,2140,6-3-2-11,SWEDEN TIPS,PASTOR POWER,P UNTERSTEINER,P UNTERSTEINER,78,052,D,0.0,$220051,Pastor Stephen,Tobina Pazzione,36: 9 - 12,25,58,28: 9 - 10,4: 0 - 2,0:0-0-0,4: 0 - 2,28: 9 - 10,4: 0 - 2,,4: 2 - 1,3: 2 - 1,,,,,
"WEBER - STL SILVERDIVISIONEN, FINAL MS",15:05:00Z,2140,6-3-2-11,SWEDEN TIPS,VINCERO' GAR,B GOOP,B GOOP,86,5x2,TD,0.0,$246913,S.j.'s Photo,Lady Killer Gar,42: 11 - 13,26,57,3: 2 - 1,2: 1 - 1,0:0-0-0,2: 1 - 1,3: 2 - 1,2: 1 - 1,,3: 1 - 2,2: 2 - 0,,,,,
"WEBER - STL SILVERDIVISIONEN, FINAL MS",15:05:00Z,2140,6-3-2-11,SWEDEN TIPS,NIKY FLAX,J UNTERSTEINER,J UNTERSTEINER,73,286,D,0.0,$251274,Love You,Stay With Us,63: 17 - 20,27,59,38: 9 - 10,6: 0 - 1,0:0-0-0,6: 0 - 1,38: 9 - 10,5: 0 - 1,,4: 2 - 2,4: 0 - 3,,,,,
"BOLLINGER - STL DIAMANTSTOET, FINAL SS",15:27:00Z,2140,6-14-8-5,SWEDEN TIPS,GORGEOUS L.A.,O J ANDERSSON,H OLOFSSON,82,112,D,0.0,$48834,Revenue,Glory Woman,27: 6 - 1,22,26,22: 4 - 1,,0:0-0-0,0: 0 - 0,22: 4 - 1,0: 0 - 0,,4: 0 - 0,4: 1 - 0,,,,,
"BOLLINGER - STL DIAMANTSTOET, FINAL SS",15:27:00Z,2140,6-14-8-5,SWEDEN TIPS,INFINITE KNIGHT,J WESTHOLM,J WESTHOLM,70,x53,D,0.0,$49735,Scarlet Knight,Infinite Dream,20: 1 - 7,5,40,17: 1 - 5,4: 0 - 1,0:0-0-0,4: 0 - 1,17: 1 - 5,4: 0 - 1,,4: 1 - 0,3: 0 - 1,,,,,
"BOLLINGER - STL DIAMANTSTOET, FINAL SS",15:27:00Z,2140,6-14-8-5,SWEDEN TIPS,ANNA BAFFEL,K ERIKSSON,S JANSSON,71,230,D,0.0,$40972,Orlando Vici,Bobwire,36: 2 - 14,6,44,23: 2 - 12,,0:0-0-0,0: 0 - 0,23: 2 - 12,0: 0 - 0,,6: 0 - 1,6: 1 - 3,,,,,
"BOLLINGER - STL DIAMANTSTOET, FINAL SS",15:27:00Z,2140,6-14-8-5,SWEDEN TIPS,AND STITCH,F MOLIN,K JANSSON,81,142,TD,0.0,$50283,Andover Andover,Lilo,17: 3 - 7,18,59,10: 1 - 3,3: 1 - 0,0:0-0-0,3: 1 - 0,10: 1 - 3,2: 0 - 0,,2: 0 - 1,2: 0 - 0,,,,,
"BOLLINGER - STL DIAMANTSTOET, FINAL SS",15:27:00Z,2140,6-14-8-5,SWEDEN TIPS,WAITING HILL HALL,K ECCE,S JUUL,100,146,D,0.0,$69812,Muscle Hill,Captivating As,13: 6 - 2,46,62,13: 6 - 2,2: 0 - 0,0:0-0-0,2: 0 - 0,13: 6 - 2,2: 0 - 0,,2: 1 - 1,2: 1 - 0,,,,,
"BOLLINGER - STL DIAMANTSTOET, FINAL SS",15:27:00Z,2140,6-14-8-5,SWEDEN TIPS,KARAMEL HILL,B GOOP,B GOOP,94,211,D,0.0,$103117,Juliano Star,Fredrika Kemp,42: 10 - 12,24,52,6: 2 - 3,,0:0-0-0,0: 0 - 0,6: 2 - 3,0: 0 - 0,,2: 0 - 2,2: 1 - 1,,,,,
"BOLLINGER - STL DIAMANTSTOET, FINAL SS",15:27:00Z,2140,6-14-8-5,SWEDEN TIPS,WORTH A LOT,A KOLGJINI,F LUPERINI,72,373,D,0.0,$76916,Maharajah,Necklace,43: 4 - 9,9,30,33: 3 - 8,3: 0 - 0,0:0-0-0,3: 0 - 0,33: 3 - 8,3: 0 - 0,,5: 0 - 2,3: 1 - 1,,,,,
"BOLLINGER - STL DIAMANTSTOET, FINAL SS",15:27:00Z,2140,6-14-8-5,SWEDEN TIPS,SHARP DREAM,P INGVES,P PURO,83,141,D,0.0,$142180,Royal Dream,Sharp Concrete,46: 15 - 7,33,48,26: 10 - 5,1: 0 - 0,0:0-0-0,1: 0 - 0,26: 10 - 5,0: 0 - 0,,8: 4 - 1,7: 4 - 0,,,,,
"BOLLINGER - STL DIAMANTSTOET, FINAL SS",15:27:00Z,2140,6-14-8-5,SWEDEN TIPS,CHARMANTE AMOK,L WITASP,K K FRICK,75,960,D,0.0,$74535,Orlando Vici,Symfoni Amok,47: 4 - 9,9,28,34: 2 - 8,6: 0 - 0,0:0-0-0,6: 0 - 0,34: 2 - 8,6: 0 - 0,,3: 0 - 1,2: 0 - 0,,,,,
"BOLLINGER - STL DIAMANTSTOET, FINAL SS",15:27:00Z,2140,6-14-8-5,SWEDEN TIPS,ANTHARA BI,C J JEPSON,B GOOP,88,211,TD,0.0,$96178,Donato Hanover,Dakota Bi,21: 5 - 8,24,62,7: 3 - 2,6: 3 - 1,0:0-0-0,6: 3 - 1,7: 3 - 2,3: 2 - 0,,3: 1 - 1,3: 1 - 1,,,,,
"BOLLINGER - STL DIAMANTSTOET, FINAL SS",15:27:00Z,2140,6-14-8-5,SWEDEN TIPS,JASMIN BAND,E ADIELSSON,J L SUNDGREN,79,947,TD,0.0,$71466,Dream Vacation,Staro Glamour Miss,33: 5 - 9,15,42,21: 3 - 5,3: 1 - 1,0:0-0-0,3: 1 - 1,21: 3 - 5,2: 0 - 1,,3: 0 - 1,3: 0 - 3,,,,,
"BOLLINGER - STL DIAMANTSTOET, FINAL SS",15:27:00Z,2140,6-14-8-5,SWEDEN TIPS,SHUTTER ISLAND,C SVENSSON,S DAHL,78,1x6,D,0.0,$104497,Intoxicated,Song Contest,45: 9 - 11,20,44,35: 8 - 9,2: 0 - 1,0:0-0-0,2: 0 - 1,35: 8 - 9,2: 0 - 1,,6: 0 - 1,5: 1 - 1,,,,,
"BOLLINGER - STL DIAMANTSTOET, FINAL SS",15:27:00Z,2140,6-14-8-5,SWEDEN TIPS,ARGBIGGAN,R SVANSTEDT,R SVANSTEDT,87,321,D,0.0,$98013,Maharajah,Kemp's Emilie,30: 5 - 14,17,63,23: 3 - 12,1: 0 - 1,0:0-0-0,1: 0 - 1,23: 3 - 12,1: 0 - 1,,2: 1 - 0,2: 0 - 1,,,,,
"BOLLINGER - STL DIAMANTSTOET, FINAL SS",15:27:00Z,2140,6-14-8-5,SWEDEN TIPS,INDRA'S SECRET,P LENNARTSSON,R BERGH,91,111,TD,0.0,$112453,Love You,East Indra,37: 15 - 1,41,43,20: 7 - 1,12: 6 - 1,0:0-0-0,12: 6 - 1,20: 7 - 1,11: 5 - 1,,8: 5 - 0,7: 3 - 0,,,,,
"BOLLINGER - STL DIAMANTSTOET, FINAL SS",15:27:00Z,2140,6-14-8-5,SWEDEN TIPS,MILLIE MILLIONAIRE,O KIHLSTROM,F WALLIN,85,x42,D,0.0,$176965,Jocose,Mellby Tempo,41: 14 - 12,34,63,29: 9 - 9,3: 0 - 1,0:0-0-0,3: 0 - 1,29: 9 - 9,3: 0 - 1,,7: 1 - 3,6: 2 - 2,,,,,
"OPTIMERA - STL KLASS I, FINAL MS",15:50:00Z,2140,5-6-1-2,SWEDEN TIPS,MASTER BLASTER,E ADIELSSON,F B LARSSON,86,x32,TD,0.0,$79406,Triton Sund,Dream Date,20: 10 - 3,50,65,11: 6 - 3,4: 3 - 0,0:0-0-0,4: 3 - 0,11: 6 - 3,1: 1 - 0,,5: 2 - 2,5: 3 - 1,,,,,
"OPTIMERA - STL KLASS I, FINAL MS",15:50:00Z,2140,5-6-1-2,SWEDEN TIPS,VICTORY'S CLUB,A KOLGJINI,A KOLGJINI,76,x29,,0.0,$64355,Mago D'Amore,Duse Tab,38: 16 - 6,42,58,,,0:0-0-0,0: 0 - 0,0: 0 - 0,0: 0 - 0,,2: 1 - 1,2: 1 - 0,,,,,
"OPTIMERA - STL KLASS I, FINAL MS",15:50:00Z,2140,5-6-1-2,SWEDEN TIPS,G.R.J.'S WOLVERINE,O KIHLSTROM,M BERGDAHL,72,279,D,0.0,$60957,Yield Boko,Street Cat,37: 5 - 13,14,49,25: 3 - 11,2: 0 - 2,0:0-0-0,2: 0 - 2,25: 3 - 11,2: 0 - 2,,5: 1 - 1,4: 0 - 4,,,,,
"OPTIMERA - STL KLASS I, FINAL MS",15:50:00Z,2140,5-6-1-2,SWEDEN TIPS,LENNART SJOHAMMAR,B GOOP,S H JOHANSSON,70,353,TD,0.0,$54974,Make It Happen,Twilight Time,30: 3 - 6,10,30,22: 3 - 5,26: 3 - 5,0:0-0-0,26: 3 - 5,22: 3 - 5,21: 3 - 5,,4: 0 - 1,4: 0 - 2,,,,,
"OPTIMERA - STL KLASS I, FINAL MS",15:50:00Z,2140,5-6-1-2,SWEDEN TIPS,ARMOUR AS,S PERSSON,J RIORDAN,96,212,D,0.0,$85754,Varenne,Southwind As,22: 5 - 10,23,68,6: 1 - 5,,0:0-0-0,0: 0 - 0,6: 1 - 5,0: 0 - 0,,2: 0 - 2,2: 0 - 1,,,,,
"OPTIMERA - STL KLASS I, FINAL MS",15:50:00Z,2140,5-6-1-2,SWEDEN TIPS,VAN GOGH Z.S.,P LENNARTSSON,R BERGH,100,111,D,0.0,$91194,Love You,Oyapock Oaks,16: 12 - 2,75,88,6: 6 - 0,,0:0-0-0,0: 0 - 0,6: 6 - 0,0: 0 - 0,,4: 3 - 1,4: 4 - 0,,,,,
"OPTIMERA - STL KLASS I, FINAL MS",15:50:00Z,2140,5-6-1-2,SWEDEN TIPS,THE GAMBLER,L KOLGJINI,A KOLGJINI,82,x03,D,0.0,$60455,S.j.'s Photo,Que Linda,13: 4 - 2,31,46,7: 4 - 1,1: 0 - 1,0:0-0-0,1: 0 - 1,7: 4 - 1,1: 0 - 1,,3: 1 - 0,3: 2 - 1,,,,,
"OPTIMERA - STL KLASS I, FINAL MS",15:50:00Z,2140,5-6-1-2,SWEDEN TIPS,ZLATAN KNICK,C ERIKSSON,C ERIKSSON,71,532,D,0.0,$62022,Going Kronos,Lapponia Knick,16: 4 - 6,25,62,11: 2 - 4,1: 0 - 0,0:0-0-0,1: 0 - 0,11: 2 - 4,1: 0 - 0,,3: 0 - 1,3: 2 - 1,,,,,
"OPTIMERA - STL KLASS I, FINAL MS",15:50:00Z,2140,5-6-1-2,SWEDEN TIPS,GLOBAL VENTURE,P UNTERSTEINER,P UNTERSTEINER,83,x32,D,0.0,$52906,Broadway Hall,Madonarail,17: 4 - 6,24,59,10: 3 - 5,1: 0 - 0,0:0-0-0,1: 0 - 0,10: 3 - 5,1: 0 - 0,,5: 2 - 2,3: 1 - 2,,,,,
"OPTIMERA - STL KLASS I, FINAL MS",15:50:00Z,2140,5-6-1-2,SWEDEN TIPS,VALIANT DREAM,M FORSS,M FORSS,75,415,D,0.0,$86593,Offshore Dream,Emilia's Lily,57: 10 - 12,18,39,7: 3 - 1,3: 0 - 0,0:0-0-0,3: 0 - 0,7: 3 - 1,2: 0 - 0,,2: 0 - 1,2: 0 - 0,,,,,
"OPTIMERA - STL KLASS I, FINAL MS",15:50:00Z,2140,5-6-1-2,SWEDEN TIPS,KING OF EVERYTHING,C SVENSSON,C SVENSSON,88,249,D,0.0,$57949,Quite Easy U.s.,Kings Blondie,12: 5 - 4,42,75,9: 4 - 3,1: 0 - 1,0:0-0-0,1: 0 - 1,9: 4 - 3,1: 0 - 1,,2: 1 - 1,2: 1 - 1,,,,,
"OPTIMERA - STL KLASS I, FINAL MS",15:50:00Z,2140,5-6-1-2,SWEDEN TIPS,STRONG HEARTBEAT,J WESTHOLM,J WESTHOLM,97,132,TD,0.0,$80033,Maharajah,Jacaranda,10: 6 - 2,60,80,8: 6 - 2,3: 1 - 1,0:0-0-0,3: 1 - 1,8: 6 - 2,2: 1 - 1,,2: 2 - 0,2: 2 - 0,,,,,
